Tenant,Alias,AppID,Supernet,Tier,Vlan,Subnet,Gateway,CIDR
Development,DEV,2600,10.100.100.0,PRES,2601,10.100.100.0,10.100.100.1,26
Development,DEV,2600,10.100.100.0,APP,2603,10.100.100.128,10.100.100.129,25
Development,DEV,2600,10.100.100.0,DB,2602,10.100.100.64,10.100.100.65,26
Development,DEV,2601,10.100.101.0,PRES,2611,10.100.101.0,10.100.101.1,26
Development,DEV,2601,10.100.101.0,APP,2613,10.100.101.128,10.100.101.129,25
Development,DEV,2601,10.100.101.0,DB,2612,10.100.101.64,10.100.101.65,26
Development,DEV,2602,10.100.102.0,PRES,2621,10.100.102.0,10.100.102.1,26
Development,DEV,2602,10.100.102.0,APP,2623,10.100.102.128,10.100.102.129,25
Development,DEV,2602,10.100.102.0,DB,2622,10.100.102.64,10.100.102.65,26
Development,DEV,2603,10.100.103.0,PRES,2631,10.100.103.0,10.100.103.1,26
Development,DEV,2603,10.100.103.0,APP,2633,10.100.103.128,10.100.103.129,25
Development,DEV,2603,10.100.103.0,DB,2632,10.100.103.64,10.100.103.65,26
Development,DEV,2604,10.100.104.0,PRES,2641,10.100.104.0,10.100.104.1,26
Development,DEV,2604,10.100.104.0,APP,2643,10.100.104.128,10.100.104.129,25
Development,DEV,2604,10.100.104.0,DB,2642,10.100.104.64,10.100.104.65,26
Development,DEV,2605,10.100.105.0,PRES,2651,10.100.105.0,10.100.105.1,26
Development,DEV,2605,10.100.105.0,APP,2653,10.100.105.128,10.100.105.129,25
Development,DEV,2605,10.100.105.0,DB,2652,10.100.105.64,10.100.105.65,26
Development,DEV,2606,10.100.106.0,PRES,2661,10.100.106.0,10.100.106.1,26
Development,DEV,2606,10.100.106.0,APP,2663,10.100.106.128,10.100.106.129,25
Development,DEV,2606,10.100.106.0,DB,2662,10.100.106.64,10.100.106.65,26
Development,DEV,2607,10.100.107.0,PRES,2671,10.100.107.0,10.100.107.1,26
Development,DEV,2607,10.100.107.0,APP,2673,10.100.107.128,10.100.107.129,25
Development,DEV,2607,10.100.107.0,DB,2672,10.100.107.64,10.100.107.65,26
Development,DEV,2608,10.100.108.0,PRES,2681,10.100.108.0,10.100.108.1,26
Development,DEV,2608,10.100.108.0,APP,2683,10.100.108.128,10.100.108.129,25
Development,DEV,2608,10.100.108.0,DB,2682,10.100.108.64,10.100.108.65,26
Development,DEV,2609,10.100.109.0,PRES,2691,10.100.109.0,10.100.109.1,26
Development,DEV,2609,10.100.109.0,APP,2693,10.100.109.128,10.100.109.129,25
Development,DEV,2609,10.100.109.0,DB,2692,10.100.109.64,10.100.109.65,26